{
    "alpha": 100,
    "hidden_states": {
        "CH": [
            0.0,
            0.05468618397384045,
            0.06981028330251687,
            0.08966837731874418,
            0.1208380410946346,
            0.17402279930476397,
            0.4940281916566551,
            1.1037503253808325,
            1.8807737386288168,
            2.779679692385167,
            3.8191497579320086,
            4.941887635819662,
            6.236686763486213,
            7.73872374583249,
            9.46207500868484,
            11.599125269809457,
            17.32953630260769,
            Infinity
        ]
    },
    "model": {
        "N0": 10869.565217391306,
        "class": "SMCModel",
        "knots": [
            0.05468618397384045,
            0.08966837731874418,
            0.17402279930476397,
            1.1037503253808325,
            2.779679692385167,
            4.941887635819662,
            7.73872374583249,
            11.599125269809457
        ],
        "pid": "CH",
        "spline_class": "Piecewise",
        "y": [
            2.4476307292805553,
            1.2395245093845564,
            2.126015874560281,
            2.6175084595281364,
            2.4791539849328204,
            2.4382037617022863,
            1.7342262166697124,
            1.8366774985756227
        ]
    },
    "rho": 0.0034707580341632213,
    "theta": 0.0001
}