{
    "alpha": 100,
    "hidden_states": {
        "GR": [
            0.0,
            0.03331799430926748,
            0.043184428195097546,
            0.05516876766567406,
            0.07315248603119529,
            0.09786821651744507,
            0.1654625362589986,
            1.1355855580249221,
            2.071506014564163,
            3.3825884540940723,
            4.633765581757468,
            6.041608081760857,
            7.640764934922334,
            9.418960044031934,
            11.397115649067743,
            13.826184449162481,
            20.695246030984578,
            Infinity
        ]
    },
    "model": {
        "N0": 10869.565217391306,
        "class": "SMCModel",
        "knots": [
            0.03331799430926748,
            0.05516876766567406,
            0.09786821651744507,
            1.1355855580249221,
            3.3825884540940723,
            6.041608081760857,
            9.418960044031934,
            13.826184449162481
        ],
        "pid": "GR",
        "spline_class": "Piecewise",
        "y": [
            1.2215913956919469,
            1.2058863663013866,
            2.1464956076687915,
            2.7220279135427217,
            2.7674652933684607,
            2.548388205402012,
            1.9984500205953728,
            1.443206610607839
        ]
    },
    "rho": 0.0027530282373185197,
    "theta": 0.0001
}